"STA";"SEL";"ID_F1";"TZF_F1";"NUM_TFZ_F1";"TOTALWEIGHT_F1";"VMAX_F1";"BREAKCLASS_F1";"BrH_F1";"LZB_F1";"T10WithI_F1";"ID_F2";"TZF_F2";"NUM_TFZ_F2";"TOTALWEIGHT_F2";"VMAX_F2";"BREAKCLASS_F2";"BrH_F2";"LZB_F2";"T10WithI_F2";"ID_F3";"TZF_F3";"NUM_TFZ_F3";"TOTALWEIGHT_F3";"VMAX_F3";"BREAKCLASS_F3";"BrH_F3";"LZB_F3";"T10WithI_F3"
"001";"5202#2117";5202;"182-1";1;1700;100;"P";65;"FALSE";530,409922745475;2117;"145-2";1;2700;80;"G";58;"FALSE";776,295597576302;"";"";"";"";"";"";"";"";""
"005";"5202#2113";5202;"182-1";1;1700;100;"P";56;"FALSE";530,409922745475;2113;"145-2";1;2300;80;"G";64;"FALSE";704,806231832803;"";"";"";"";"";"";"";"";""
"015";"23122#24927";23122;"155-1";1;2600;80;"P";56;"FALSE";937,455538767808;24927;"185-2";1;2700;90;"G";57;"FALSE";953,49977981183;"";"";"";"";"";"";"";"";""
"017";"5202#2117";5202;"182-1";1;1700;100;"P";68;"FALSE";530,409922745475;2117;"145-2";1;2700;80;"G";46;"FALSE";776,295597576302;"";"";"";"";"";"";"";"";""
"019";"5202#2117";5202;"182-1";1;1700;100;"P";67;"FALSE";530,409922745475;2117;"145-2";1;2700;80;"G";56;"FALSE";776,295597576302;"";"";"";"";"";"";"";"";""
"021";"40204#48181";40204;"145-2";1;2000;90;"G";65;"FALSE";697,097735940464;48181;"250-1";1;3200;80;"G";54;"FALSE";1366,39096776331;"";"";"";"";"";"";"";"";""
"031";"3757#5870";3757;"152-3";1;1600;100;"P";63;"FALSE";517,588173854945;5870;"185-2";1;2200;80;"P";62;"FALSE";637,162744175789;"";"";"";"";"";"";"";"";""
"033";"5903#12790";5903;"185-2";1;2700;90;"G";56;"FALSE";757,787618871894;12790;"295-1";1;1000;50;"P";45;"FALSE";1228,32007592459;"";"";"";"";"";"";"";"";""
"035";"13698#5904";13698;"4370-1";1;2000;90;"P";65;"TRUE";617,846846343841;5904;"185-2";1;2800;90;"G";56;"TRUE";790,39426419961;"";"";"";"";"";"";"";"";""
"037";"5202#2113#1273";5202;"182-1";1;1700;100;"P";70;"FALSE";530,409922745475;2113;"145-2";1;2300;80;"G";60;"FALSE";704,806231832803;"1273";"140-1";"1";"2100";"50";"G";"56";"FALSE";"1027.07870480148"
"37B";"2138#4692";2138;"145-2";1;2500;80;"P";60;"FALSE";707,123438359149;4692;"180-1";1;2200;60;"P";60;"FALSE";1171,53856994013;"";"";"";"";"";"";"";"";""
"041";"13698#5904";13698;"4370-1";1;2000;90;"P";52;"FALSE";617,846846343841;5904;"185-2";1;2800;90;"G";54;"FALSE";790,39426419961;"";"";"";"";"";"";"";"";""
"043";"11408#7509";11408;"264-1";1;3000;90;"G";54;"FALSE";915,385409035145;7509;"204-2";1;900;90;"P";60;"FALSE";919,557209861284;"";"";"";"";"";"";"";"";""
"47A";"13698#5904";13698;"4370-1";1;2000;90;"P";65;"FALSE";617,846846343841;5904;"185-2";1;2800;90;"G";52;"FALSE";790,39426419961;"";"";"";"";"";"";"";"";""
"47B";"1167#10136";1167;"139-1";1;1300;100;"P";63;"FALSE";605,336156099342;10136;"250-1";1;3500;80;"G";42;"FALSE";1137,18201541459;"";"";"";"";"";"";"";"";""
"053";"1167#10136";1167;"139-1";1;1300;100;"P";60;"FALSE";605,336156099342;10136;"250-1";1;3500;80;"G";59;"FALSE";1137,18201541459;"";"";"";"";"";"";"";"";""
"061";"5202#678";5202;"182-1";1;1700;100;"P";63;"FALSE";530,409922745475;678;"1144-1";1;1300;90;"G";63;"FALSE";608,083668706009;"";"";"";"";"";"";"";"";""
"065";"6359#1809#8620";6359;"185CL1-1";1;2000;90;"P";51;"FALSE";591,201223460904;1809;"143-6";1;1500;80;"G";64;"FALSE";723,205865367023;"8620";"232-2";"1";"2700";"50";"P";"52";"FALSE";"1129.65884063165"
"067";"19708#27644";19708;"1144-1";1;1200;90;"P";51;"FALSE";585,351264898429;27644;"232-2";1;2700;50;"P";52;"FALSE";1388,13643689824;"";"";"";"";"";"";"";"";""
"65B";"3757#5870";3757;"152-3";1;1600;100;"P";66;"FALSE";517,588173854945;5870;"185-2";1;2200;80;"P";54;"FALSE";637,162744175789;"";"";"";"";"";"";"";"";""
"71A";"38264#45058";38264;"1016-1";1;1000;100;"P";63;"FALSE";462,77333037207;45058;"189-3";1;1800;90;"P";54;"FALSE";590,095610502787;"";"";"";"";"";"";"";"";""
"71B";"63048#65184";63048;"185-2";1;1600;100;"P";63;"FALSE";606,720617351246;65184;"221-1";1;1000;80;"P";54;"FALSE";848,230742019895;"";"";"";"";"";"";"";"";""
"073";"1836#4064";1836;"143-6";1;900;90;"P";70;"TRUE";533,472561925499;4064;"155-1";1;2000;80;"G";65;"TRUE";689,793778379874;"";"";"";"";"";"";"";"";""
"73B";"3353#17485";3353;"152-2";1;2200;90;"P";68;"FALSE";618,010184743661;17485;"G1206-3";1;2200;50;"P";53;"FALSE";1640,69681132132;"";"";"";"";"";"";"";"";""
"075";"5202#2113";5202;"182-1";1;1700;100;"P";61;"FALSE";530,409922745475;2113;"145-2";1;2300;80;"G";60;"FALSE";704,806231832803;"";"";"";"";"";"";"";"";""
"079";"223#4126";223;"1016-1";1;1700;100;"P";56;"FALSE";530,851201045514;4126;"155-1";1;2600;90;"G";60;"FALSE";819,626425507741;"";"";"";"";"";"";"";"";""
"087";"13696#4749";13696;"4370-1";1;1800;90;"P";60;"FALSE";587,873290372743;4749;"180-1";1;1900;80;"G";54;"FALSE";878,472444277666;"";"";"";"";"";"";"";"";""
"089";"5202#2113";5202;"182-1";1;1700;100;"P";67;"FALSE";530,409922745475;2113;"145-2";1;2300;80;"G";56;"FALSE";704,806231832803;"";"";"";"";"";"";"";"";""
"091";"3757#5870";3757;"152-3";1;1600;100;"P";60;"FALSE";517,588173854945;5870;"185-2";1;2200;80;"P";61;"FALSE";637,162744175789;"";"";"";"";"";"";"";"";""
"093";"5202#13680";5202;"182-1";1;1700;100;"P";60;"FALSE";530,409922745475;13680;"4370-1";1;2200;90;"G";62;"FALSE";673,468376277818;"";"";"";"";"";"";"";"";""
"095";"3757#6356";3757;"152-3";1;1600;100;"P";61;"FALSE";517,588173854945;6356;"185CL1-1";1;1700;90;"P";65;"FALSE";554,019534373292;"";"";"";"";"";"";"";"";""
"097";"5202#13680";5202;"182-1";1;1700;100;"P";60;"FALSE";530,409922745475;13680;"4370-1";1;2200;90;"G";62;"FALSE";673,468376277818;"";"";"";"";"";"";"";"";""
"099";"5202#2117";5202;"182-1";1;1700;100;"P";60;"FALSE";530,409922745475;2117;"145-2";1;2700;80;"G";60;"FALSE";776,295597576302;"";"";"";"";"";"";"";"";""
"101";"14024#7320";14024;"6186-1";1;1800;90;"P";60;"FALSE";565,440846637843;7320;"203-1";1;1200;90;"G";60;"FALSE";880,27225709561;"";"";"";"";"";"";"";"";""
"103";"5903#12790";5903;"185-2";1;2700;90;"G";52;"FALSE";757,787618871894;12790;"295-1";1;1000;50;"P";37;"FALSE";1228,32007592459;"";"";"";"";"";"";"";"";""
"105";"20472#27620";20472;"140-1";1;1600;90;"P";61;"FALSE";790,457333844294;27620;"232-2";1;2800;50;"G";37;"FALSE";1456,18205681222;"";"";"";"";"";"";"";"";""
"107";"5202#2117";5202;"182-1";1;1700;100;"P";60;"FALSE";530,409922745475;2117;"145-2";1;2700;80;"G";55;"FALSE";776,295597576302;"";"";"";"";"";"";"";"";""
"111";"223#4126";223;"1016-1";1;1700;100;"P";56;"FALSE";530,851201045514;4126;"155-1";1;2600;90;"G";60;"FALSE";819,626425507741;"";"";"";"";"";"";"";"";""
"113";"2115#4790";2115;"145-2";1;2500;80;"G";58;"FALSE";728,518801451892;4790;"180-1";1;2000;90;"G";55;"FALSE";914,540947742113;"";"";"";"";"";"";"";"";""
"117";"40204#49452";40204;"145-2";1;2000;90;"G";55;"FALSE";697,097735940464;49452;"264-1";1;2600;90;"G";60;"FALSE";935,88727596467;"";"";"";"";"";"";"";"";""
"121";"3757#5870";3757;"152-3";1;1600;100;"P";55;"FALSE";517,588173854945;5870;"185-2";1;2200;80;"P";60;"FALSE";637,162744175789;"";"";"";"";"";"";"";"";""
"123";"3757#6356";3757;"152-3";1;1600;100;"P";61;"TRUE";517,588173854945;6356;"185CL1-1";1;1700;90;"P";65;"TRUE";554,019534373292;"";"";"";"";"";"";"";"";""
"129";"40204#48181";40204;"145-2";1;2000;90;"G";55;"FALSE";697,097735940464;48181;"250-1";1;3200;80;"G";49;"FALSE";1366,39096776331;"";"";"";"";"";"";"";"";""
"137";"82045#84202";82045;"185-2";1;1700;100;"G";55;"FALSE";797,544172994568;84202;"221-1";1;1000;80;"G";64;"FALSE";1178,13284870352;"";"";"";"";"";"";"";"";""
"143";"1836#4064";1836;"143-6";1;900;90;"P";54;"FALSE";533,472561925499;4064;"155-1";1;2000;80;"G";54;"FALSE";689,793778379874;"";"";"";"";"";"";"";"";""
"147";"5202#2113";5202;"182-1";1;1700;100;"P";69;"FALSE";530,409922745475;2113;"145-2";1;2300;80;"G";62;"FALSE";704,806231832803;"";"";"";"";"";"";"";"";""
"149";"5202#13680";5202;"182-1";1;1700;100;"P";69;"FALSE";530,409922745475;13680;"4370-1";1;2200;90;"G";53;"FALSE";673,468376277818;"";"";"";"";"";"";"";"";""
"151";"6359#1809";6359;"185CL1-1";1;2000;90;"P";64;"FALSE";591,201223460904;1809;"143-6";1;1500;80;"G";54;"FALSE";723,205865367023;"";"";"";"";"";"";"";"";""
"153";"5202#13680";5202;"182-1";1;1700;100;"P";62;"FALSE";530,409922745475;13680;"4370-1";1;2200;90;"G";55;"FALSE";673,468376277818;"";"";"";"";"";"";"";"";""
"157";"5202#13680";5202;"182-1";1;1700;100;"P";65;"FALSE";530,409922745475;13680;"4370-1";1;2200;90;"G";55;"FALSE";673,468376277818;"";"";"";"";"";"";"";"";""
"161";"6359#1809#17496";6359;"185CL1-1";1;2000;90;"P";65;"FALSE";591,201223460904;1809;"143-6";1;1500;80;"G";64;"FALSE";723,205865367023;"17496";"G1206-3";"1";"1400";"60";"G";"60";"FALSE";"989.95812804339"
"165";"13696#4749";13696;"4370-1";1;1800;90;"P";67;"FALSE";587,873290372743;4749;"180-1";1;1900;80;"G";54;"FALSE";878,472444277666;"";"";"";"";"";"";"";"";""
"169";"14024#7320";14024;"6186-1";1;1800;90;"P";56;"FALSE";565,440846637843;7320;"203-1";1;1200;90;"G";59;"FALSE";880,27225709561;"";"";"";"";"";"";"";"";""
"181";"63048#65184";63048;"185-2";1;1600;100;"P";53;"FALSE";606,720617351246;65184;"221-1";1;1000;80;"P";45;"FALSE";848,230742019895;"";"";"";"";"";"";"";"";""
"183";"63048#65184";63048;"185-2";1;1600;100;"P";53;"FALSE";606,720617351246;65184;"221-1";1;1000;80;"P";45;"FALSE";848,230742019895;"";"";"";"";"";"";"";"";""
"185";"3757#5870";3757;"152-3";1;1600;100;"P";62;"FALSE";517,588173854945;5870;"185-2";1;2200;80;"P";55;"FALSE";637,162744175789;"";"";"";"";"";"";"";"";""
"191";"3757#6356";3757;"152-3";1;1600;100;"P";61;"FALSE";517,588173854945;6356;"185CL1-1";1;1700;90;"P";70;"FALSE";554,019534373292;"";"";"";"";"";"";"";"";""
"195";"3757#6356";3757;"152-3";1;1600;100;"P";61;"FALSE";517,588173854945;6356;"185CL1-1";1;1700;90;"P";70;"FALSE";554,019534373292;"";"";"";"";"";"";"";"";""
"195B";"3757#6356";3757;"152-3";1;1600;100;"P";61;"FALSE";517,588173854945;6356;"185CL1-1";1;1700;90;"P";55;"FALSE";554,019534373292;"";"";"";"";"";"";"";"";""
"201";"5202#678";5202;"182-1";1;1700;100;"P";54;"FALSE";530,409922745475;678;"1144-1";1;1300;90;"G";56;"FALSE";608,083668706009;"";"";"";"";"";"";"";"";""
"203";"5202#678";5202;"182-1";1;1700;100;"P";62;"FALSE";530,409922745475;678;"1144-1";1;1300;90;"G";55;"FALSE";608,083668706009;"";"";"";"";"";"";"";"";""
"203B";"5202#678";5202;"182-1";1;1700;100;"P";62;"FALSE";530,409922745475;678;"1144-1";1;1300;90;"G";62;"FALSE";608,083668706009;"";"";"";"";"";"";"";"";""
"209";"5202#2117";5202;"182-1";1;1700;100;"P";67;"FALSE";530,409922745475;2117;"145-2";1;2700;80;"G";47;"FALSE";776,295597576302;"";"";"";"";"";"";"";"";""
"221";"3757#5870";3757;"152-3";1;1600;100;"P";61;"FALSE";517,588173854945;5870;"185-2";1;2200;80;"P";53;"FALSE";637,162744175789;"";"";"";"";"";"";"";"";""
"223";"5202#678";5202;"182-1";1;1700;100;"P";61;"FALSE";530,409922745475;678;"1144-1";1;1300;90;"G";54;"FALSE";608,083668706009;"";"";"";"";"";"";"";"";""
"225";"3757#5870";3757;"152-3";1;1600;100;"P";61;"FALSE";517,588173854945;5870;"185-2";1;2200;80;"P";53;"FALSE";637,162744175789;"";"";"";"";"";"";"";"";""
"251";"3757#6356";3757;"152-3";1;1600;100;"P";61;"TRUE";517,588173854945;6356;"185CL1-1";1;1700;90;"P";65;"TRUE";554,019534373292;"";"";"";"";"";"";"";"";""
"253";"3757#6356";3757;"152-3";1;1600;100;"P";67;"FALSE";517,588173854945;6356;"185CL1-1";1;1700;90;"P";60;"TRUE";554,019534373292;"";"";"";"";"";"";"";"";""
"289";"5202#13680";5202;"182-1";1;1700;100;"P";62;"FALSE";530,409922745475;13680;"4370-1";1;2200;90;"G";59;"FALSE";673,468376277818;"";"";"";"";"";"";"";"";""
"291";"5202#13680";5202;"182-1";1;1700;100;"P";65;"FALSE";530,409922745475;13680;"4370-1";1;2200;90;"G";64;"FALSE";673,468376277818;"";"";"";"";"";"";"";"";""
"293";"46086#38831";46086;"218-2";1;900;100;"P";66;"FALSE";840,172995590957;38831;"1265-1";1;1700;60;"P";40;"FALSE";1082,76541074806;"";"";"";"";"";"";"";"";""
"295";"1167#10136";1167;"139-1";1;1300;100;"P";64;"FALSE";605,336156099342;10136;"250-1";1;3500;80;"G";54;"FALSE";1137,18201541459;"";"";"";"";"";"";"";"";""
"299";"1167#10136";1167;"139-1";1;1300;100;"P";64;"FALSE";605,336156099342;10136;"250-1";1;3500;80;"G";54;"FALSE";1137,18201541459;"";"";"";"";"";"";"";"";""
"303";"5202#13680";5202;"182-1";1;1700;100;"P";66;"FALSE";530,409922745475;13680;"4370-1";1;2200;90;"G";60;"FALSE";673,468376277818;"";"";"";"";"";"";"";"";""
"305";"5202#13680";5202;"182-1";1;1700;100;"P";40;"FALSE";530,409922745475;13680;"4370-1";1;2200;90;"G";54;"FALSE";673,468376277818;"";"";"";"";"";"";"";"";""
"319";"1167#10136";1167;"139-1";1;1300;100;"P";65;"FALSE";605,336156099342;10136;"250-1";1;3500;80;"G";54;"FALSE";1137,18201541459;"";"";"";"";"";"";"";"";""
"329";"19708#27644";19708;"1144-1";1;1200;90;"P";64;"FALSE";585,351264898429;27644;"232-2";1;2700;50;"P";56;"FALSE";1388,13643689824;"";"";"";"";"";"";"";"";""
"333";"5202#2117";5202;"182-1";1;1700;100;"P";61;"FALSE";530,409922745475;2117;"145-2";1;2700;80;"G";40;"FALSE";776,295597576302;"";"";"";"";"";"";"";"";""
"333A";"5202#2117";5202;"182-1";1;1700;100;"P";61;"FALSE";530,409922745475;2117;"145-2";1;2700;80;"G";40;"FALSE";776,295597576302;"";"";"";"";"";"";"";"";""
"41A";"5202#2117";5202;"182-1";1;1700;100;"P";64;"FALSE";530,409922745475;2117;"145-2";1;2700;80;"G";55;"FALSE";776,295597576302;"";"";"";"";"";"";"";"";""
"41B";"13698#5904";13698;"4370-1";1;2000;90;"P";63;"FALSE";617,846846343841;5904;"185-2";1;2800;90;"G";56;"TRUE";790,39426419961;"";"";"";"";"";"";"";"";""
"777";"3757#6356";3757;"152-3";1;1600;100;"P";61;"TRUE";517,588173854945;6356;"185CL1-1";1;1700;90;"P";65;"TRUE";554,019534373292;"";"";"";"";"";"";"";"";""
"109A";"13698#5904";13698;"4370-1";1;2000;90;"P";56;"FALSE";617,846846343841;5904;"185-2";1;2800;90;"G";55;"FALSE";790,39426419961;"";"";"";"";"";"";"";"";""
"109B";"40204#48181";40204;"145-2";1;2000;90;"G";53;"FALSE";697,097735940464;48181;"250-1";1;3200;80;"G";47;"FALSE";1366,39096776331;"";"";"";"";"";"";"";"";""
"115A";"5202#2113";5202;"182-1";1;1700;100;"P";67;"FALSE";530,409922745475;2113;"145-2";1;2300;80;"G";61;"FALSE";704,806231832803;"";"";"";"";"";"";"";"";""
"115B";"5202#678";5202;"182-1";1;1700;100;"P";60;"FALSE";530,409922745475;678;"1144-1";1;1300;90;"G";60;"FALSE";608,083668706009;"";"";"";"";"";"";"";"";""
"119A";"5202#2113";5202;"182-1";1;1700;100;"P";60;"FALSE";530,409922745475;2113;"145-2";1;2300;80;"G";47;"FALSE";704,806231832803;"";"";"";"";"";"";"";"";""
"11B";"5202#2117";5202;"182-1";1;1700;100;"P";70;"FALSE";530,409922745475;2117;"145-2";1;2700;80;"G";55;"FALSE";776,295597576302;"";"";"";"";"";"";"";"";""
"125A";"5202#13680";5202;"182-1";1;1700;100;"P";60;"FALSE";530,409922745475;13680;"4370-1";1;2200;90;"G";66;"FALSE";673,468376277818;"";"";"";"";"";"";"";"";""
"125B";"3757#5870";3757;"152-3";1;1600;100;"P";60;"FALSE";517,588173854945;5870;"185-2";1;2200;80;"P";55;"FALSE";637,162744175789;"";"";"";"";"";"";"";"";""
"125C";"5202#2113";5202;"182-1";1;1700;100;"P";54;"FALSE";530,409922745475;2113;"145-2";1;2300;80;"G";38;"FALSE";704,806231832803;"";"";"";"";"";"";"";"";""
"127A";"3757#5870";3757;"152-3";1;1600;100;"P";60;"FALSE";517,588173854945;5870;"185-2";1;2200;80;"P";54;"FALSE";637,162744175789;"";"";"";"";"";"";"";"";""
"127C";"3757#5870";3757;"152-3";1;1600;100;"P";66;"FALSE";517,588173854945;5870;"185-2";1;2200;80;"P";54;"FALSE";637,162744175789;"";"";"";"";"";"";"";"";""
"127D";"5202#13680";5202;"182-1";1;1700;100;"P";65;"FALSE";530,409922745475;13680;"4370-1";1;2200;90;"G";54;"FALSE";673,468376277818;"";"";"";"";"";"";"";"";""
"127E";"3757#5870";3757;"152-3";1;1600;100;"P";60;"FALSE";517,588173854945;5870;"185-2";1;2200;80;"P";54;"FALSE";637,162744175789;"";"";"";"";"";"";"";"";""
"129A";"3757#5870";3757;"152-3";1;1600;100;"P";60;"FALSE";517,588173854945;5870;"185-2";1;2200;80;"P";54;"FALSE";637,162744175789;"";"";"";"";"";"";"";"";""
"131A";"5202#678";5202;"182-1";1;1700;100;"P";54;"FALSE";530,409922745475;678;"1144-1";1;1300;90;"G";54;"FALSE";608,083668706009;"";"";"";"";"";"";"";"";""
"131B";"3757#6356";3757;"152-3";1;1600;100;"P";61;"FALSE";517,588173854945;6356;"185CL1-1";1;1700;90;"P";56;"FALSE";554,019534373292;"";"";"";"";"";"";"";"";""
"133A";"40204#48181";40204;"145-2";1;2000;90;"G";60;"FALSE";697,097735940464;48181;"250-1";1;3200;80;"G";47;"FALSE";1366,39096776331;"";"";"";"";"";"";"";"";""
"133B";"14024#7320";14024;"6186-1";1;1800;90;"P";55;"FALSE";565,440846637843;7320;"203-1";1;1200;90;"G";55;"FALSE";880,27225709561;"";"";"";"";"";"";"";"";""
"139A";"5202#2117";5202;"182-1";1;1700;100;"P";64;"FALSE";530,409922745475;2117;"145-2";1;2700;80;"G";46;"FALSE";776,295597576302;"";"";"";"";"";"";"";"";""
"139B";"40204#48181";40204;"145-2";1;2000;90;"G";62;"FALSE";697,097735940464;48181;"250-1";1;3200;80;"G";54;"FALSE";1366,39096776331;"";"";"";"";"";"";"";"";""
"143A";"1836#4064";1836;"143-6";1;900;90;"P";54;"FALSE";533,472561925499;4064;"155-1";1;2000;80;"G";54;"FALSE";689,793778379874;"";"";"";"";"";"";"";"";""
"143B";"3757#6356";3757;"152-3";1;1600;100;"P";62;"FALSE";517,588173854945;6356;"185CL1-1";1;1700;90;"P";55;"FALSE";554,019534373292;"";"";"";"";"";"";"";"";""
"145B";"38199#38243#6339";38199;"1016-1";1;1500;80;"G";56;"FALSE";583,719282167677;38243;"1016-1";1;1700;90;"P";60;"TRUE";569,936969863307;"6339";"185CL1-1";"1";"2700";"90";"G";"54";"FALSE";"757.313812602113"
"155B";"14024#7320";14024;"6186-1";1;1800;90;"P";54;"FALSE";565,440846637843;7320;"203-1";1;1200;90;"G";54;"FALSE";880,27225709561;"";"";"";"";"";"";"";"";""
"157A";"5202#13680";5202;"182-1";1;1700;100;"P";68;"FALSE";530,409922745475;13680;"4370-1";1;2200;90;"G";55;"FALSE";673,468376277818;"";"";"";"";"";"";"";"";""
"157B";"5202#2113";5202;"182-1";1;1700;100;"P";65;"FALSE";530,409922745475;2113;"145-2";1;2300;80;"G";55;"FALSE";704,806231832803;"";"";"";"";"";"";"";"";""
"163A";"5202#678";5202;"182-1";1;1700;100;"P";62;"FALSE";530,409922745475;678;"1144-1";1;1300;90;"G";62;"FALSE";608,083668706009;"";"";"";"";"";"";"";"";""
"163B";"38264#45058";38264;"1016-1";1;1000;100;"P";54;"FALSE";462,77333037207;45058;"189-3";1;1800;90;"P";54;"FALSE";590,095610502787;"";"";"";"";"";"";"";"";""
"163C";"38264#45058";38264;"1016-1";1;1000;100;"P";54;"FALSE";462,77333037207;45058;"189-3";1;1800;90;"P";54;"FALSE";590,095610502787;"";"";"";"";"";"";"";"";""
"167A";"5202#2113";5202;"182-1";1;1700;100;"P";64;"FALSE";530,409922745475;2113;"145-2";1;2300;80;"G";50;"FALSE";704,806231832803;"";"";"";"";"";"";"";"";""
"171A";"6359#1809";6359;"185CL1-1";1;2000;90;"P";56;"FALSE";591,201223460904;1809;"143-6";1;1500;80;"G";62;"FALSE";723,205865367023;"";"";"";"";"";"";"";"";""
"173B";"5202#2113";5202;"182-1";1;1700;100;"P";67;"TRUE";530,409922745475;2113;"145-2";1;2300;80;"G";56;"FALSE";704,806231832803;"";"";"";"";"";"";"";"";""
"173C";"5202#13680";5202;"182-1";1;1700;100;"P";63;"TRUE";530,409922745475;13680;"4370-1";1;2200;90;"G";56;"FALSE";673,468376277818;"";"";"";"";"";"";"";"";""
"177B";"14024#7320";14024;"6186-1";1;1800;90;"P";56;"FALSE";565,440846637843;7320;"203-1";1;1200;90;"G";47;"FALSE";880,27225709561;"";"";"";"";"";"";"";"";""
"187A";"5202#2113";5202;"182-1";1;1700;100;"P";54;"FALSE";530,409922745475;2113;"145-2";1;2300;80;"G";38;"FALSE";704,806231832803;"";"";"";"";"";"";"";"";""
"187B";"5202#13680";5202;"182-1";1;1700;100;"P";54;"FALSE";530,409922745475;13680;"4370-1";1;2200;90;"G";54;"FALSE";673,468376277818;"";"";"";"";"";"";"";"";""
"193A";"3757#6356";3757;"152-3";1;1600;100;"P";54;"FALSE";517,588173854945;6356;"185CL1-1";1;1700;90;"P";56;"FALSE";554,019534373292;"";"";"";"";"";"";"";"";""
"193B";"5202#678";5202;"182-1";1;1700;100;"P";61;"FALSE";530,409922745475;678;"1144-1";1;1300;90;"G";55;"FALSE";608,083668706009;"";"";"";"";"";"";"";"";""
"193C";"5202#678";5202;"182-1";1;1700;100;"P";65;"FALSE";530,409922745475;678;"1144-1";1;1300;90;"G";56;"FALSE";608,083668706009;"";"";"";"";"";"";"";"";""
"195A";"113746#104775#3755";113746;"Re 421-1";1;1000;90;"P";52;"FALSE";566,200609430346;104775;"247-1";1;1800;60;"P";70;"FALSE";1452,45579255167;"3755";"152-3";"1";"1400";"100";"P";"61";"FALSE";"494.33084389317"
"197B";"5202#13680";5202;"182-1";1;1700;100;"P";54;"FALSE";530,409922745475;13680;"4370-1";1;2200;90;"G";53;"FALSE";673,468376277818;"";"";"";"";"";"";"";"";""
"207A";"5202#13680";5202;"182-1";1;1700;100;"P";65;"FALSE";530,409922745475;13680;"4370-1";1;2200;90;"G";53;"FALSE";673,468376277818;"";"";"";"";"";"";"";"";""
"215A";"5202#678";5202;"182-1";1;1700;100;"P";55;"FALSE";530,409922745475;678;"1144-1";1;1300;90;"G";62;"FALSE";608,083668706009;"";"";"";"";"";"";"";"";""
"215B";"5202#678";5202;"182-1";1;1700;100;"P";60;"FALSE";530,409922745475;678;"1144-1";1;1300;90;"G";55;"FALSE";608,083668706009;"";"";"";"";"";"";"";"";""
"39A";"13696#4749";13696;"4370-1";1;1800;90;"P";63;"FALSE";587,873290372743;4749;"180-1";1;1900;80;"G";52;"FALSE";878,472444277666;"";"";"";"";"";"";"";"";""
"39B";"1167#10136";1167;"139-1";1;1300;100;"P";65;"FALSE";605,336156099342;10136;"250-1";1;3500;80;"G";50;"FALSE";1137,18201541459;"";"";"";"";"";"";"";"";""
"39C";"5202#2117";5202;"182-1";1;1700;100;"P";70;"FALSE";530,409922745475;2117;"145-2";1;2700;80;"G";54;"FALSE";776,295597576302;"";"";"";"";"";"";"";"";""
"39D";"13696#4749";13696;"4370-1";1;1800;90;"P";67;"FALSE";587,873290372743;4749;"180-1";1;1900;80;"G";54;"FALSE";878,472444277666;"";"";"";"";"";"";"";"";""
"39E";"2138#4692";2138;"145-2";1;2500;80;"P";54;"FALSE";707,123438359149;4692;"180-1";1;2200;60;"P";54;"FALSE";1171,53856994013;"";"";"";"";"";"";"";"";""
"39F";"40204#48181";40204;"145-2";1;2000;90;"G";54;"FALSE";697,097735940464;48181;"250-1";1;3200;80;"G";47;"FALSE";1366,39096776331;"";"";"";"";"";"";"";"";""
"444A";"40204#49452";40204;"145-2";1;2000;90;"G";60;"FALSE";697,097735940464;49452;"264-1";1;2600;90;"G";54;"FALSE";935,88727596467;"";"";"";"";"";"";"";"";""
"444P";"40204#49452";40204;"145-2";1;2000;90;"G";60;"FALSE";697,097735940464;49452;"264-1";1;2600;90;"G";58;"FALSE";935,88727596467;"";"";"";"";"";"";"";"";""
"55A";"5202#2113";5202;"182-1";1;1700;100;"P";67;"FALSE";530,409922745475;2113;"145-2";1;2300;80;"G";56;"FALSE";704,806231832803;"";"";"";"";"";"";"";"";""
"55B";"544#12119";544;"1116-1";1;2500;90;"P";55;"FALSE";670,302039526037;12119;"285-2";1;1900;80;"G";58;"FALSE";869,84178982836;"";"";"";"";"";"";"";"";""
"57A";"2115#4790";2115;"145-2";1;2500;80;"G";40;"FALSE";728,518801451892;4790;"180-1";1;2000;90;"G";52;"FALSE";914,540947742113;"";"";"";"";"";"";"";"";""
"57B";"13698#5904";13698;"4370-1";1;2000;90;"P";59;"FALSE";617,846846343841;5904;"185-2";1;2800;90;"G";52;"FALSE";790,39426419961;"";"";"";"";"";"";"";"";""
"63B";"5202#2113";5202;"182-1";1;1700;100;"P";62;"FALSE";530,409922745475;2113;"145-2";1;2300;80;"G";54;"FALSE";704,806231832803;"";"";"";"";"";"";"";"";""
"77A";"13696#4749";13696;"4370-1";1;1800;90;"P";56;"FALSE";587,873290372743;4749;"180-1";1;1900;80;"G";56;"FALSE";878,472444277666;"";"";"";"";"";"";"";"";""
"77B";"13696#4749";13696;"4370-1";1;1800;90;"P";64;"FALSE";587,873290372743;4749;"180-1";1;1900;80;"G";56;"FALSE";878,472444277666;"";"";"";"";"";"";"";"";""
"81A";"223#4126";223;"1016-1";1;1700;100;"P";60;"FALSE";530,851201045514;4126;"155-1";1;2600;90;"G";62;"FALSE";819,626425507741;"";"";"";"";"";"";"";"";""
"81B";"5202#2117";5202;"182-1";1;1700;100;"P";60;"FALSE";530,409922745475;2117;"145-2";1;2700;80;"G";54;"FALSE";776,295597576302;"";"";"";"";"";"";"";"";""
"9A";"5202#2117";5202;"182-1";1;1700;100;"P";67;"FALSE";530,409922745475;2117;"145-2";1;2700;80;"G";55;"FALSE";776,295597576302;"";"";"";"";"";"";"";"";""
"9B";"5202#13680";5202;"182-1";1;1700;100;"P";63;"FALSE";530,409922745475;13680;"4370-1";1;2200;90;"G";57;"FALSE";673,468376277818;"";"";"";"";"";"";"";"";""
